Здесь представлены неструктурированные данные,,,,,,,,,,,,,,,,,,,
,,,,,,,,,,,,,,,,,,,
Задание 1,,,,,,,,,,,,,,,,,,,
"Приведите данные в табличный ввид, правее в серой области",,,,,,Общий трафик,Категория,,,,,,,,,,,,
,,,,,,0-5 ГБ,,,,,,,,,,,,,
Задание 2,,,market_id,market_desc,,5-10 ГБ,,,,,,,,,,,,,
Добавьте колонку market_desc,,,5,B2C,,10-15 ГБ,,,,,,,,,,,,,
Добавьте сегментацию по общему трафику (входящий + исходящий),,,4,B2B,,15-20 ГБ,,,,,,,,,,,,,
"Сегментация должна быть с шагом 5 гб, до 50+гб",,,20,B2O,,20-25 ГБ,,,,,,,,,,,,,
,,,15,VIP,,25-30 ГБ,,,,,,,,,,,,,
Задание3,,,,,,30-35 ГБ,,,,,,,,,,,,,
Создайте сводную таблицу с указанием количества абонентов по двум городам,,,,,,35-40 ГБ,,,,,,,,,,,,,
"с возможностью развернуть до уровня типа клиента (Market Desc), сводную разместите правее от таблицы в серой области",,,,,,40-50 ГБ,,,,,,,,,,,,,
"Добавьте показатель ""% от всех абонентов""",,,,,,50+ ГБ,,,,,,,,,,,,,
,,,,,,,,,,,,,,,,,,,
Задание 4,,,,,,,,,,,,,,,,,,,
Добавьте интерактивный фильтр по модемам,,,,,,,,,,,,,,,,,,,
"Если это необходимо, добавьте в таблицу условное форматирование и диаграммы к ней.",,,,,,,,,,,,,,,,,,,
"Итоговый результат должен выглядеть в том виде, в котором вы были бы готовы отправить её руководству компании.",,,,,,,,,,,,,,,,,,,
,,,,,,,,,,,,,,,,,,,
,,,,,,,,,,,,,,,,,,,
,,,,,,msisdn,City,market_id,upload_megabytes,download_megabytes,modem,market_desc,Общий трафик,Категория,,City,market_desc,COUNTA из msisdn,SUM из msisdn
,,,,,,1516367073,Caracas,5,6389,"22361,5",Xiaomi Mi Wi-Fi,B2C,"28,07666016",25-30 Гб,,Caracas,B2B,30,"10,00%"
,,,,,,1512324452,Maracay,20,18866,47165,TP-LINK TD,B2O,"64,48339844",40-50 Гб,,,B2C,122,"40,67%"
,,,,,,1514880640,Maracay,20,10668,"34 137,60",TP-LINK Archer,B2O,"43,75546875",40-50 Гб,,,B2O,27,"9,00%"
,,,,,,1515713545,Caracas,5,20371,"71 298,50",Mercusys AC12G,B2C,"89,52099609",40-50 Гб,,,VIP,23,"7,67%"
,,,,,,1512002909,Caracas,5,9969,"17 944,20",Xiaomi Mi Wi-Fi,B2C,"27,25898438",25-30 Гб,,Всего (Caracas),,202,"67,33%"
,,,,,,1513813110,Maracay,4,9755,17559,Xiaomi Mi Wi-Fi,B2B,"26,67382813",25-30 Гб,,Maracay,B2B,23,"7,66%"
,,,,,,1516925096,Maracay,20,17593,"40 463,90",Xiaomi Mi Wi-Fi,B2O,"56,69619141",40-50 Гб,,,B2C,43,"14,34%"
,,,,,,1512383176,Caracas,5,18421,"33 157,80",Xiaomi Mi Wi-Fi,B2C,"50,36992188",40-50 Гб,,,B2O,28,"9,33%"
,,,,,,1515880145,Caracas,5,7074,"10 611,00",Xiaomi Mi Wi-Fi,B2C,"17,27050781",15-20 Гб,,,VIP,4,"1,33%"
,,,,,,1514185684,Maracay,20,5364,"17 701,20",Xiaomi Mi Wi-Fi,B2O,"22,52460938",20-25 Гб,,Всего (Maracay),,98,"32,67%"
,,,,,,1513988737,Caracas,20,7862,"16 510,20",Xiaomi Mi Wi-Fi,B2O,"23,80097656",20-25 Гб,,Итого,,300,"100,00%"
,,,,,,1513347173,Caracas,5,7232,"20 972,80",Xiaomi Mi Wi-Fi,B2C,"27,54375",25-30 Гб,,,,,
,,,,,,1512735457,Caracas,20,14231,"21 346,50",Xiaomi Mi Wi-Fi,B2O,"34,74365234",30-35 Гб,,,,,
,,,,,,1518402594,Maracay,5,10899,"32 697,00",Xiaomi Mi Wi-Fi,B2C,"42,57421875",40-50 Гб,,,,,
,,,,,,1517257042,Caracas,5,14642,"24 891,40",Xiaomi Mi Wi-Fi,B2C,"38,60683594",35-40 Гб,,,,,
,,,,,,1513797132,Caracas,20,8307,"29 074,50",Xiaomi Mi Wi-Fi,B2O,"36,50537109",35-40 Гб,,,,,
,,,,,,1516122479,Maracay,4,16219,"55 144,60",Xiaomi Mi Wi-Fi,B2B,"69,69101563",40-50 Гб,,,,,
,,,,,,1513123245,Caracas,4,13640,"45 012,00",Xiaomi Mi Wi-Fi,B2B,"57,27734375",40-50 Гб,,,,,
,,,,,,1516138690,Maracay,5,4045,"9 303,50",Mercusys AC12G,B2C,"13,03564453",10-15 Гб,,,,,
,,,,,,1518169229,Maracay,5,2786,"6 129,20",Xiaomi Mi Wi-Fi,B2C,"8,70625",5-10 Гб,,,,,
,,,,,,1512855912,Caracas,5,11202,"39 207,00",Xiaomi Mi Wi-Fi,B2C,"49,22753906",40-50 Гб,,,,,
,,,,,,1516633285,Maracay,4,6976,"20 230,40",Xiaomi Mi Wi-Fi,B2B,"26,56875",25-30 Гб,,,,,
,,,,,,1516195939,Maracay,5,9708,"19 416,00",Xiaomi Mi Wi-Fi,B2C,"28,44140625",25-30 Гб,,,,,
,,,,,,1516482100,Caracas,5,7551,"21 142,80",TP-LINK Archer,B2C,"28,02128906",25-30 Гб,,,,,
,,,,,,1517021248,Caracas,5,9245,"29 584,00",Mercusys AC12G,B2C,"37,91894531",35-40 Гб,,,,,
,,,,,,1517442641,Caracas,20,10194,"35 679,00",Xiaomi Mi Wi-Fi,B2O,"44,79785156",40-50 Гб,,,,,
,,,,,,1512843149,Caracas,5,19738,"55 266,40",Xiaomi Mi Wi-Fi,B2C,"73,24648438",40-50 Гб,,,,,
,,,,,,1516001929,Maracay,5,1176,"2 352,00",Xiaomi Mi Wi-Fi,B2C,"3,4453125",0-5 Гб,,,,,
,,,,,,1514103494,Caracas,20,7350,"23 520,00",TP-LINK Archer,B2O,"30,14648438",30-35 Гб,,,,,
,,,,,,1514996191,Caracas,15,362,"1 013,60",Mercusys AC12G,VIP,"1,343359375",0-5 Гб,,,,,
,,,,,,1511624515,Maracay,20,10628,"27 632,80",Xiaomi Mi Wi-Fi,B2O,"37,3640625",35-40 Гб,,,,,
,,,,,,1516471174,Caracas,5,16334,"39 201,60",TP-LINK TD,B2C,"54,23398438",40-50 Гб,,,,,
,,,,,,1513674839,Caracas,5,9533,"28 599,00",TP-LINK Archer,B2C,"37,23828125",35-40 Гб,,,,,
,,,,,,1512678960,Maracay,4,19183,"28 774,50",Mercusys AC12G,B2B,"46,83349609",40-50 Гб,,,,,
,,,,,,1517856798,Caracas,5,9197,"18 394,00",Xiaomi Mi Wi-Fi,B2C,"26,94433594",25-30 Гб,,,,,
,,,,,,1512731771,Maracay,20,17388,"45 208,80",Mercusys AC12G,B2O,"61,1296875",40-50 Гб,,,,,
,,,,,,1516878404,Caracas,5,2055,"7 192,50",Mercusys AC12G,B2C,"9,030761719",5-10 Гб,,,,,
,,,,,,1518440774,Caracas,20,16080,"51 456,00",Mercusys AC12G,B2O,"65,953125",40-50 Гб,,,,,
,,,,,,1517569464,Caracas,15,7882,"20 493,20",Xiaomi Mi Wi-Fi,VIP,"27,71015625",25-30 Гб,,,,,
,,,,,,1512138157,Caracas,5,2567,"6 674,20",TP-LINK TD,B2C,"9,024609375",5-10 Гб,,,,,
,,,,,,1511888363,Caracas,5,4652,"10 234,40",TP-LINK Archer,B2C,"14,5375",10-15 Гб,,,,,
,,,,,,1514149957,Caracas,4,6699,"20 097,00",Mercusys AC12G,B2B,"26,16796875",25-30 Гб,,,,,
,,,,,,1515430512,Caracas,5,12056,"28 934,40",Xiaomi Mi Wi-Fi,B2C,"40,0296875",40-50 Гб,,,,,
,,,,,,1512654099,Caracas,5,5792,"8 688,00",TP-LINK TD,B2C,"14,140625",10-15 Гб,,,,,
,,,,,,1511697858,Maracay,20,9896,"21 771,20",TP-LINK Archer,B2O,"30,925",30-35 Гб,,,,,
,,,,,,1518490176,Caracas,5,11403,"38 770,20",Mercusys AC12G,B2C,"48,99726563",40-50 Гб,,,,,
,,,,,,1517168602,Caracas,4,18192,"54 576,00",Xiaomi Mi Wi-Fi,B2B,"71,0625",40-50 Гб,,,,,
,,,,,,1513068710,Caracas,5,7238,"15 199,80",TP-LINK TD,B2C,"21,91191406",20-25 Гб,,,,,
,,,,,,1514933360,Caracas,5,894,"1 341,00",Mercusys AC12G,B2C,"2,182617188",0-5 Гб,,,,,
,,,,,,1513910018,Caracas,5,19300,"40 530,00",Mercusys AC12G,B2C,"58,42773438",40-50 Гб,,,,,
,,,,,,1512255542,Caracas,5,18474,"42 490,20",Xiaomi Mi Wi-Fi,B2C,"59,53535156",40-50 Гб,,,,,
,,,,,,1515573019,Caracas,5,10979,"38 426,50",TP-LINK TD,B2C,"48,24755859",40-50 Гб,,,,,
,,,,,,1512964969,Caracas,5,12443,"41 061,90",Mercusys AC12G,B2C,"52,25087891",40-50 Гб,,,,,
,,,,,,1517935556,Caracas,5,4066,"6 099,00",Mercusys AC12G,B2C,"9,926757813",5-10 Гб,,,,,
,,,,,,1511270798,Maracay,20,196,"627,20",Xiaomi Mi Wi-Fi,B2O,"0,80390625",0-5 Гб,,,,,
,,,,,,1514435977,Caracas,5,999,"2 397,60",TP-LINK TD,B2C,"3,316992188",0-5 Гб,,,,,
,,,,,,1511710752,Caracas,4,3979,"6 764,30",Mercusys AC12G,B2B,"10,49150391",10-15 Гб,,,,,
,,,,,,1514395325,Caracas,20,20267,"38 507,30",Mercusys AC12G,B2O,"57,39677734",40-50 Гб,,,,,
,,,,,,1512966869,Caracas,15,493,"1 626,90",Xiaomi Mi Wi-Fi,VIP,"2,070214844",0-5 Гб,,,,,
,,,,,,1516876685,Caracas,5,13594,"32 625,60",TP-LINK TD,B2C,"45,13632813",40-50 Гб,,,,,
,,,,,,1517343019,Caracas,4,10544,"16 870,40",TP-LINK Archer,B2B,"26,771875",25-30 Гб,,,,,
,,,,,,1517606687,Maracay,5,3678,"11 769,60",Mercusys AC12G,B2C,"15,08554688",15-20 Гб,,,,,
,,,,,,1517236331,Caracas,5,17407,"50 480,30",Xiaomi Mi Wi-Fi,B2C,"66,29619141",40-50 Гб,,,,,
,,,,,,1513998472,Maracay,20,8556,"26 523,60",TP-LINK TD,B2O,"34,25742188",30-35 Гб,,,,,
,,,,,,1512815245,Maracay,20,9848,"22 650,40",TP-LINK Archer,B2O,"31,73671875",30-35 Гб,,,,,
,,,,,,1517329112,Caracas,15,7624,"24 396,80",Mercusys AC12G,VIP,"31,2703125",30-35 Гб,,,,,
,,,,,,1512148896,Caracas,5,8738,"27 087,80",Xiaomi Mi Wi-Fi,B2C,"34,98613281",30-35 Гб,,,,,
,,,,,,1512002357,Caracas,20,3191,"4 786,50",TP-LINK TD,B2O,"7,790527344",5-10 Гб,,,,,
,,,,,,1512923951,Caracas,20,16269,"29 284,20",Mercusys AC12G,B2O,"44,48554688",40-50 Гб,,,,,
,,,,,,1515836135,Maracay,4,1986,"4 766,40",Mercusys AC12G,B2B,"6,594140625",5-10 Гб,,,,,
,,,,,,1513108551,Maracay,4,12424,"34 787,20",Xiaomi Mi Wi-Fi,B2B,"46,1046875",40-50 Гб,,,,,
,,,,,,1513476805,Maracay,5,18283,"49 364,10",TP-LINK TD,B2C,"66,06162109",40-50 Гб,,,,,
,,,,,,1513988250,Caracas,5,1651,"5 613,40",TP-LINK Archer,B2C,"7,094140625",5-10 Гб,,,,,
,,,,,,1516202032,Maracay,5,17857,"32 142,60",Mercusys AC12G,B2C,"48,82773438",40-50 Гб,,,,,
,,,,,,1514949513,Caracas,4,8351,"19 207,30",Xiaomi Mi Wi-Fi,B2B,"26,91240234",25-30 Гб,,,,,
,,,,,,1514838260,Caracas,4,1302,"2 734,20",TP-LINK TD,B2B,"3,941601563",0-5 Гб,,,,,
,,,,,,1515474529,Maracay,5,4346,"12 168,80",Mercusys AC12G,B2C,"16,12773438",15-20 Гб,,,,,
,,,,,,1512841118,Maracay,5,554,"1 662,00",Mercusys AC12G,B2C,"2,1640625",0-5 Гб,,,,,
,,,,,,1512836317,Caracas,5,12554,"37 662,00",Xiaomi Mi Wi-Fi,B2C,"49,0390625",40-50 Гб,,,,,
,,,,,,1517500020,Maracay,4,1011,"2 729,70",TP-LINK TD,B2B,"3,653027344",0-5 Гб,,,,,
,,,,,,1516019034,Caracas,5,1226,"3 923,20",Mercusys AC12G,B2C,"5,028515625",5-10 Гб,,,,,
,,,,,,1512862990,Maracay,4,9884,"29 652,00",Mercusys AC12G,B2B,"38,609375",35-40 Гб,,,,,
,,,,,,1518580645,Maracay,5,12424,"24 848,00",Xiaomi Mi Wi-Fi,B2C,"36,3984375",35-40 Гб,,,,,
,,,,,,1512730694,Maracay,20,20348,"40 696,00",TP-LINK TD,B2O,"59,61328125",40-50 Гб,,,,,
,,,,,,1511830112,Caracas,4,5964,"8 946,00",Mercusys AC12G,B2B,"14,56054688",10-15 Гб,,,,,
,,,,,,1514595595,Caracas,20,2698,"5 126,20",Mercusys AC12G,B2O,"7,640820313",5-10 Гб,,,,,
,,,,,,1517044711,Caracas,15,12790,"40 928,00",Xiaomi Mi Wi-Fi,VIP,"52,45898438",40-50 Гб,,,,,
,,,,,,1517370779,Caracas,5,3627,"5 440,50",TP-LINK TD,B2C,"8,854980469",5-10 Гб,,,,,
,,,,,,1511271852,Maracay,4,20054,"36 097,20",Mercusys AC12G,B2B,"54,83515625",40-50 Гб,,,,,
,,,,,,1515589379,Maracay,20,5488,"13 171,20",Mercusys AC12G,B2O,"18,221875",15-20 Гб,,,,,
,,,,,,1517180516,Caracas,20,10155,"33 511,50",Xiaomi Mi Wi-Fi,B2O,"42,64306641",40-50 Гб,,,,,
,,,,,,1511797492,Caracas,5,17228,"53 406,80",TP-LINK TD,B2C,"68,97929688",40-50 Гб,,,,,
,,,,,,1512995596,Caracas,5,11826,"36 660,60",TP-LINK Archer,B2C,"47,35019531",40-50 Гб,,,,,
,,,,,,1515729600,Caracas,5,15787,"36 310,10",Mercusys AC12G,B2C,"50,87607422",40-50 Гб,,,,,
,,,,,,1518127666,Maracay,5,12804,"43 533,60",Xiaomi Mi Wi-Fi,B2C,"55,0171875",40-50 Гб,,,,,
,,,,,,1512575933,Caracas,5,8221,"28 773,50",TP-LINK TD,B2C,"36,12744141",35-40 Гб,,,,,
,,,,,,1517394983,Maracay,5,1126,"3 152,80",TP-LINK Archer,B2C,"4,178515625",0-5 Гб,,,,,
,,,,,,1516780093,Caracas,5,4117,"11 115,90",Mercusys AC12G,B2C,"14,87587891",10-15 Гб,,,,,
,,,,,,1512764145,Caracas,5,17772,"47 984,40",Xiaomi Mi Wi-Fi,B2C,"64,21523438",40-50 Гб,,,,,
,,,,,,1516137908,Maracay,5,9212,"31 320,80",TP-LINK TD,B2C,"39,5828125",35-40 Гб,,,,,
,,,,,,1518192914,Caracas,20,15475,"32 497,50",TP-LINK Archer,B2O,"46,84814453",40-50 Гб,,,,,
,,,,,,1511651899,Maracay,5,9252,"29 606,40",Mercusys AC12G,B2C,"37,94765625",35-40 Гб,,,,,
,,,,,,1517560180,Caracas,5,19956,"41 907,60",Xiaomi Mi Wi-Fi,B2C,"60,41367188",40-50 Гб,,,,,
,,,,,,1514314487,Caracas,15,6993,"15 384,60",TP-LINK TD,VIP,"21,853125",20-25 Гб,,,,,
,,,,,,1516361666,Caracas,5,17633,"52 899,00",TP-LINK Archer,B2C,"68,87890625",40-50 Гб,,,,,
,,,,,,1515642074,Maracay,5,8978,"22 445,00",Mercusys AC12G,B2C,"30,68652344",30-35 Гб,,,,,
,,,,,,1517490908,Caracas,5,18771,"39 419,10",Xiaomi Mi Wi-Fi,B2C,"56,82626953",40-50 Гб,,,,,
,,,,,,1513212739,Caracas,5,17972,"39 538,40",TP-LINK TD,B2C,"56,1625",40-50 Гб,,,,,
,,,,,,1517561938,Maracay,20,9958,"24 895,00",TP-LINK Archer,B2O,"34,03613281",30-35 Гб,,,,,
,,,,,,1514879130,Caracas,20,3616,"6 508,80",Mercusys AC12G,B2O,"9,8875",5-10 Гб,,,,,
,,,,,,1515130680,Caracas,20,19563,"41 082,30",Xiaomi Mi Wi-Fi,B2O,"59,22392578",40-50 Гб,,,,,
,,,,,,1511353045,Caracas,5,16931,"45 713,70",TP-LINK TD,B2C,"61,17646484",40-50 Гб,,,,,
,,,,,,1514247144,Maracay,4,7220,"20 216,00",TP-LINK Archer,B2B,"26,79296875",25-30 Гб,,,,,
,,,,,,1511498063,Caracas,5,12883,"36 072,40",Mercusys AC12G,B2C,"47,80800781",40-50 Гб,,,,,
,,,,,,1512937606,Caracas,5,12604,"37 812,00",Xiaomi Mi Wi-Fi,B2C,"49,234375",40-50 Гб,,,,,
,,,,,,1515691971,Maracay,5,5314,"13 285,00",TP-LINK TD,B2C,"18,16308594",15-20 Гб,,,,,
,,,,,,1517508655,Caracas,4,11581,"27 794,40",TP-LINK Archer,B2B,"38,45253906",35-40 Гб,,,,,
,,,,,,1516917547,Caracas,5,14127,"31 079,40",Mercusys AC12G,B2C,"44,146875",40-50 Гб,,,,,
,,,,,,1512117337,Caracas,5,9956,"34 846,00",Xiaomi Mi Wi-Fi,B2C,"43,75195313",40-50 Гб,,,,,
,,,,,,1513984392,Caracas,5,4901,"10 782,20",TP-LINK TD,B2C,"15,315625",15-20 Гб,,,,,
,,,,,,1514099842,Maracay,20,4089,"6 542,40",TP-LINK Archer,B2O,"10,38222656",10-15 Гб,,,,,
,,,,,,1515071464,Maracay,5,9804,"23 529,60",Mercusys AC12G,B2C,"32,55234375",30-35 Гб,,,,,
,,,,,,1516239258,Maracay,20,9962,"32 874,60",Xiaomi Mi Wi-Fi,B2O,"41,83261719",40-50 Гб,,,,,
,,,,,,1518452123,Caracas,4,14934,"40 321,80",TP-LINK TD,B2B,"53,96074219",40-50 Гб,,,,,
,,,,,,1513926174,Caracas,5,17359,"59 020,60",TP-LINK Archer,B2C,"74,58945313",40-50 Гб,,,,,
,,,,,,1515740018,Caracas,4,6468,"13 582,80",Mercusys AC12G,B2B,"19,58085938",15-20 Гб,,,,,
,,,,,,1514032479,Maracay,5,13810,"48 335,00",Xiaomi Mi Wi-Fi,B2C,"60,68847656",40-50 Гб,,,,,
,,,,,,1515438147,Caracas,5,16150,"30 685,00",TP-LINK TD,B2C,"45,73730469",40-50 Гб,,,,,
,,,,,,1516066060,Caracas,5,3819,"9 547,50",TP-LINK Archer,B2C,"13,05322266",10-15 Гб,,,,,
,,,,,,1517656149,Caracas,4,17544,"61 404,00",Mercusys AC12G,B2B,"77,09765625",40-50 Гб,,,,,
,,,,,,1515657294,Maracay,4,8203,"16 406,00",Xiaomi Mi Wi-Fi,B2B,"24,03222656",20-25 Гб,,,,,
,,,,,,1515628813,Maracay,4,8160,"14 688,00",TP-LINK TD,B2B,"22,3125",20-25 Гб,,,,,
,,,,,,1511489842,Caracas,15,17648,"61 768,00",TP-LINK Archer,VIP,"77,5546875",40-50 Гб,,,,,
,,,,,,1517781224,Caracas,4,18645,"50 341,50",Mercusys AC12G,B2B,"67,36962891",40-50 Гб,,,,,
,,,,,,1518257440,Caracas,5,5295,"8 472,00",Xiaomi Mi Wi-Fi,B2C,"13,44433594",10-15 Гб,,,,,
,,,,,,1512158294,Maracay,5,396,"1 306,80",TP-LINK TD,B2C,"1,662890625",0-5 Гб,,,,,
,,,,,,1515014139,Caracas,5,18913,"34 043,40",TP-LINK Archer,B2C,"51,71523438",40-50 Гб,,,,,
,,,,,,1513509860,Caracas,5,19990,"57 971,00",Mercusys AC12G,B2C,"76,13378906",40-50 Гб,,,,,
,,,,,,1518377203,Caracas,5,20092,"34 156,40",Xiaomi Mi Wi-Fi,B2C,"52,97695313",40-50 Гб,,,,,
,,,,,,1518550373,Maracay,20,10534,"29 495,20",TP-LINK TD,B2O,"39,09101563",35-40 Гб,,,,,
,,,,,,1515879599,Caracas,5,16624,"46 547,20",TP-LINK Archer,B2C,"61,690625",40-50 Гб,,,,,
,,,,,,1517685304,Caracas,4,1716,"4 118,40",Mercusys AC12G,B2B,"5,69765625",5-10 Гб,,,,,
,,,,,,1513485960,Caracas,5,10806,"35 659,80",Xiaomi Mi Wi-Fi,B2C,"45,37675781",40-50 Гб,,,,,
,,,,,,1513495225,Caracas,5,8091,"21 036,60",TP-LINK TD,B2C,"28,44492188",25-30 Гб,,,,,
,,,,,,1515489166,Caracas,5,7558,"12 092,80",TP-LINK Archer,B2C,"19,19023438",15-20 Гб,,,,,
,,,,,,1517268040,Maracay,20,15446,"40 159,60",Mercusys AC12G,B2O,"54,30234375",40-50 Гб,,,,,
,,,,,,1513837700,Caracas,4,16825,"37 015,00",Xiaomi Mi Wi-Fi,B2B,"52,578125",40-50 Гб,,,,,
,,,,,,1517180868,Maracay,5,2418,"5 319,60",TP-LINK TD,B2C,"7,55625",5-10 Гб,,,,,
,,,,,,1513715451,Maracay,5,7933,"26 972,20",TP-LINK Archer,B2C,"34,08710938",30-35 Гб,,,,,
,,,,,,1514706047,Maracay,20,11296,"39 536,00",Mercusys AC12G,B2O,"49,640625",40-50 Гб,,,,,
,,,,,,1516393975,Caracas,5,132,"211,20",Xiaomi Mi Wi-Fi,B2C,"0,33515625",0-5 Гб,,,,,
,,,,,,1515071108,Caracas,5,12611,"20 177,60",TP-LINK TD,B2C,"32,02011719",30-35 Гб,,,,,
,,,,,,1516071290,Caracas,5,4684,"7 962,80",TP-LINK Archer,B2C,"12,35039063",10-15 Гб,,,,,
,,,,,,1515791249,Caracas,5,14448,"41 899,20",Mercusys AC12G,B2C,"55,0265625",40-50 Гб,,,,,
,,,,,,1516813730,Caracas,5,1605,"4 173,00",Xiaomi Mi Wi-Fi,B2C,"5,642578125",5-10 Гб,,,,,
,,,,,,1512641074,Caracas,20,2102,"6 516,20",TP-LINK TD,B2O,"8,416210938",5-10 Гб,,,,,
,,,,,,1518293162,Caracas,5,1714,"3 428,00",TP-LINK Archer,B2C,"5,021484375",5-10 Гб,,,,,
,,,,,,1516323380,Caracas,5,15321,"52 091,40",Mercusys AC12G,B2C,"65,83242188",40-50 Гб,,,,,
,,,,,,1514913262,Maracay,4,11427,"20 568,60",Xiaomi Mi Wi-Fi,B2B,"31,24570313",30-35 Гб,,,,,
,,,,,,1518394205,Caracas,5,7843,"22 744,70",TP-LINK TD,B2C,"29,87080078",25-30 Гб,,,,,
,,,,,,1511639515,Maracay,5,6226,"14 942,40",TP-LINK Archer,B2C,"20,67226563",20-25 Гб,,,,,
,,,,,,1513649306,Maracay,5,10572,"37 002,00",Mercusys AC12G,B2C,"46,45898438",40-50 Гб,,,,,
,,,,,,1512413286,Caracas,5,7230,"20 244,00",Xiaomi Mi Wi-Fi,B2C,"26,83007813",25-30 Гб,,,,,
,,,,,,1514740632,Caracas,5,10791,"23 740,20",TP-LINK TD,B2C,"33,721875",30-35 Гб,,,,,
,,,,,,1516678279,Maracay,5,8059,"16 118,00",TP-LINK Archer,B2C,"23,61035156",20-25 Гб,,,,,
,,,,,,1513938604,Caracas,5,3335,"9 338,00",Mercusys AC12G,B2C,"12,37597656",10-15 Гб,,,,,
,,,,,,1511636740,Caracas,4,18606,"33 490,80",Xiaomi Mi Wi-Fi,B2B,"50,87578125",40-50 Гб,,,,,
,,,,,,1514453475,Caracas,4,10944,"36 115,20",TP-LINK TD,B2B,"45,95625",40-50 Гб,,,,,
,,,,,,1515368981,Caracas,5,5719,"12 009,90",TP-LINK Archer,B2C,"17,31337891",15-20 Гб,,,,,
,,,,,,1514944682,Caracas,20,10266,"34 904,40",Mercusys AC12G,B2O,"44,11171875",40-50 Гб,,,,,
,,,,,,1516989344,Caracas,15,1056,"2 428,80",Xiaomi Mi Wi-Fi,VIP,"3,403125",0-5 Гб,,,,,
,,,,,,1511355998,Caracas,5,17241,"49 998,90",TP-LINK TD,B2C,"65,66396484",40-50 Гб,,,,,
,,,,,,1512385399,Maracay,5,7497,"23 240,70",TP-LINK Archer,B2C,"30,01728516",30-35 Гб,,,,,
,,,,,,1516332067,Caracas,5,6575,"15 780,00",Mercusys AC12G,B2C,"21,83105469",20-25 Гб,,,,,
,,,,,,1516392329,Caracas,20,8293,"16 586,00",Xiaomi Mi Wi-Fi,B2O,"24,29589844",20-25 Гб,,,,,
,,,,,,1513624514,Caracas,20,17046,"27 273,60",TP-LINK TD,B2O,"43,28085938",40-50 Гб,,,,,
,,,,,,1511329933,Caracas,4,7135,"20 691,50",TP-LINK Archer,B2B,"27,17431641",25-30 Гб,,,,,
,,,,,,1512937723,Maracay,4,1759,"3 518,00",Mercusys AC12G,B2B,"5,153320313",5-10 Гб,,,,,
,,,,,,1516143443,Caracas,4,14781,"32 518,20",Xiaomi Mi Wi-Fi,B2B,"46,190625",40-50 Гб,,,,,
,,,,,,1516514425,Caracas,5,12601,"31 502,50",TP-LINK TD,B2C,"43,06982422",40-50 Гб,,,,,
,,,,,,1515005147,Caracas,5,2256,"7 219,20",TP-LINK Archer,B2C,"9,253125",5-10 Гб,,,,,
,,,,,,1513793384,Caracas,4,14331,"32 961,30",Mercusys AC12G,B2B,"46,18388672",40-50 Гб,,,,,
,,,,,,1517302505,Caracas,5,2509,"8 781,50",Xiaomi Mi Wi-Fi,B2C,"11,02587891",10-15 Гб,,,,,
,,,,,,1517384033,Maracay,5,4080,"11 832,00",TP-LINK TD,B2C,"15,5390625",15-20 Гб,,,,,
,,,,,,1513544862,Caracas,20,13805,"20 707,50",TP-LINK Archer,B2O,"33,70361328",30-35 Гб,,,,,
,,,,,,1513852175,Caracas,15,15368,"38 420,00",Mercusys AC12G,VIP,"52,52734375",40-50 Гб,,,,,
,,,,,,1511787333,Caracas,5,12677,"34 227,90",Xiaomi Mi Wi-Fi,B2C,"45,80556641",40-50 Гб,,,,,
,,,,,,1514246401,Maracay,5,2423,"3 876,80",TP-LINK TD,B2C,"6,152148438",5-10 Гб,,,,,
,,,,,,1512099833,Maracay,4,16039,"24 058,50",TP-LINK Archer,B2B,"39,15771484",35-40 Гб,,,,,
,,,,,,1511393044,Maracay,20,12654,"29 104,20",Mercusys AC12G,B2O,"40,77949219",40-50 Гб,,,,,
,,,,,,1513743409,Caracas,15,773,"2 009,80",Xiaomi Mi Wi-Fi,VIP,"2,717578125",0-5 Гб,,,,,
,,,,,,1517063955,Caracas,5,1713,"4 796,40",TP-LINK TD,B2C,"6,356835938",5-10 Гб,,,,,
,,,,,,1518740524,Caracas,5,8280,"25 668,00",TP-LINK Archer,B2C,"33,15234375",30-35 Гб,,,,,
,,,,,,1512637506,Caracas,5,5942,"13 666,60",Mercusys AC12G,B2C,"19,14902344",15-20 Гб,,,,,
,,,,,,1515008080,Caracas,5,4413,"15 004,20",Xiaomi Mi Wi-Fi,B2C,"18,96210938",15-20 Гб,,,,,
,,,,,,1514835483,Caracas,5,900,"2 430,00",TP-LINK TD,B2C,"3,251953125",0-5 Гб,,,,,
,,,,,,1514734016,Caracas,4,670,"1 742,00",TP-LINK Archer,B2B,"2,35546875",0-5 Гб,,,,,
,,,,,,1514903550,Caracas,15,9590,"27 811,00",Mercusys AC12G,VIP,"36,52441406",35-40 Гб,,,,,
,,,,,,1516225388,Caracas,5,8248,"17 320,80",Xiaomi Mi Wi-Fi,B2C,"24,96953125",20-25 Гб,,,,,
,,,,,,1516346654,Maracay,15,20415,"55 120,50",TP-LINK TD,VIP,"73,76513672",40-50 Гб,,,,,
,,,,,,1512155475,Caracas,5,19274,"59 749,40",TP-LINK Archer,B2C,"77,17128906",40-50 Гб,,,,,
,,,,,,1516614422,Maracay,4,20214,"30 321,00",Mercusys AC12G,B2B,"49,35058594",40-50 Гб,,,,,
,,,,,,1515526152,Caracas,5,12447,"33 606,90",Xiaomi Mi Wi-Fi,B2C,"44,97451172",40-50 Гб,,,,,
,,,,,,1516376208,Caracas,15,3648,"7 296,00",TP-LINK TD,VIP,"10,6875",10-15 Гб,,,,,
,,,,,,1517665652,Caracas,15,9435,"20 757,00",TP-LINK Archer,VIP,"29,484375",25-30 Гб,,,,,
,,,,,,1514802570,Caracas,5,18825,"43 297,50",Mercusys AC12G,B2C,"60,66650391",40-50 Гб,,,,,
,,,,,,1513479262,Caracas,5,15149,"28 783,10",Xiaomi Mi Wi-Fi,B2C,"42,90244141",40-50 Гб,,,,,
,,,,,,1511995058,Maracay,20,4638,"13 450,20",TP-LINK TD,B2O,"17,66425781",15-20 Гб,,,,,
,,,,,,1514215713,Caracas,5,14847,"51 964,50",TP-LINK Archer,B2C,"65,24560547",40-50 Гб,,,,,
,,,,,,1517936711,Caracas,15,4432,"9 307,20",Mercusys AC12G,VIP,"13,4171875",10-15 Гб,,,,,
,,,,,,1512310540,Caracas,5,3001,"6 302,10",Xiaomi Mi Wi-Fi,B2C,"9,085058594",5-10 Гб,,,,,
,,,,,,1515234533,Maracay,5,17380,"53 878,00",TP-LINK TD,B2C,"69,58789063",40-50 Гб,,,,,
,,,,,,1513908156,Maracay,20,17930,"39 446,00",TP-LINK Archer,B2O,"56,03125",40-50 Гб,,,,,
,,,,,,1515031573,Caracas,5,5648,"14 120,00",Mercusys AC12G,B2C,"19,3046875",15-20 Гб,,,,,
,,,,,,1513570681,Caracas,20,12231,"23 238,90",Xiaomi Mi Wi-Fi,B2O,"34,63857422",30-35 Гб,,,,,
,,,,,,1511732186,Caracas,5,792,"1 821,60",TP-LINK TD,B2C,"2,55234375",0-5 Гб,,,,,
,,,,,,1517143525,Maracay,20,287,"717,50",TP-LINK Archer,B2O,"0,9809570313",0-5 Гб,,,,,
,,,,,,1514597992,Caracas,15,3967,"7 537,30",Mercusys AC12G,VIP,"11,23466797",10-15 Гб,,,,,
,,,,,,1512016636,Maracay,4,13090,"45 815,00",Xiaomi Mi Wi-Fi,B2B,"57,52441406",40-50 Гб,,,,,
,,,,,,1516214801,Caracas,5,5848,"19 883,20",TP-LINK TD,B2C,"25,128125",25-30 Гб,,,,,
,,,,,,1518045346,Maracay,20,15292,"32 113,20",TP-LINK Archer,B2O,"46,29414063",40-50 Гб,,,,,
,,,,,,1511464512,Caracas,5,16589,"34 836,90",Mercusys AC12G,B2C,"50,22060547",40-50 Гб,,,,,
,,,,,,1515564189,Maracay,5,17071,"40 970,40",Xiaomi Mi Wi-Fi,B2C,"56,68105469",40-50 Гб,,,,,
,,,,,,1518508883,Caracas,5,18193,"54 579,00",TP-LINK TD,B2C,"71,06640625",40-50 Гб,,,,,
,,,,,,1517035775,Caracas,5,18637,"35 410,30",TP-LINK Archer,B2C,"52,78056641",40-50 Гб,,,,,
,,,,,,1518008287,Maracay,5,14631,"29 262,00",Mercusys AC12G,B2C,"42,86425781",40-50 Гб,,,,,
,,,,,,1511438006,Caracas,20,2962,"7 701,20",Xiaomi Mi Wi-Fi,B2O,"10,41328125",10-15 Гб,,,,,
,,,,,,1516295788,Caracas,15,11901,"28 562,40",TP-LINK TD,VIP,"39,51503906",35-40 Гб,,,,,
,,,,,,1518179700,Maracay,5,19344,"59 966,40",TP-LINK Archer,B2C,"77,4515625",40-50 Гб,,,,,
,,,,,,1516314414,Maracay,20,17780,"28 448,00",Mercusys AC12G,B2O,"45,14453125",40-50 Гб,,,,,
,,,,,,1518245113,Caracas,5,10719,"20 366,10",Xiaomi Mi Wi-Fi,B2C,"30,35654297",30-35 Гб,,,,,
,,,,,,1514498649,Caracas,15,17770,"28 432,00",TP-LINK TD,VIP,"45,11914063",40-50 Гб,,,,,
,,,,,,1517764119,Maracay,5,7145,"21 435,00",TP-LINK Archer,B2C,"27,91015625",25-30 Гб,,,,,
,,,,,,1513387214,Caracas,5,811,"2 838,50",Mercusys AC12G,B2C,"3,563964844",0-5 Гб,,,,,
,,,,,,1511978455,Maracay,5,18917,"58 642,70",Xiaomi Mi Wi-Fi,B2C,"75,74189453",40-50 Гб,,,,,
,,,,,,1517608376,Caracas,4,15669,"48 573,90",TP-LINK TD,B2B,"62,73720703",40-50 Гб,,,,,
,,,,,,1515709176,Maracay,20,13279,"35 853,30",TP-LINK Archer,B2O,"47,98076172",40-50 Гб,,,,,
,,,,,,1515418835,Caracas,4,12406,"37 218,00",Mercusys AC12G,B2B,"48,4609375",40-50 Гб,,,,,
,,,,,,1511820525,Maracay,15,10510,"35 734,00",Xiaomi Mi Wi-Fi,VIP,"45,16015625",40-50 Гб,,,,,
,,,,,,1513574884,Maracay,5,3086,"8 949,40",TP-LINK TD,B2C,"11,75332031",10-15 Гб,,,,,
,,,,,,1514516895,Maracay,5,11148,"23 410,80",TP-LINK Archer,B2C,"33,74882813",30-35 Гб,,,,,
,,,,,,1516902691,Caracas,20,2824,"4 518,40",Mercusys AC12G,B2O,"7,1703125",5-10 Гб,,,,,
,,,,,,1512790832,Caracas,4,19521,"52 706,70",Xiaomi Mi Wi-Fi,B2B,"70,53486328",40-50 Гб,,,,,
,,,,,,1514545487,Maracay,20,19887,"29 830,50",TP-LINK TD,B2O,"48,55224609",40-50 Гб,,,,,
,,,,,,1514099372,Caracas,5,12425,"18 637,50",TP-LINK Archer,B2C,"30,33447266",30-35 Гб,,,,,
,,,,,,1517758383,Caracas,5,19966,"47 918,40",Mercusys AC12G,B2C,"66,29335938",40-50 Гб,,,,,
,,,,,,1513224614,Caracas,4,17846,"58 891,80",Xiaomi Mi Wi-Fi,B2B,"74,93925781",40-50 Гб,,,,,
,,,,,,1511975337,Maracay,4,14029,"40 684,10",TP-LINK TD,B2B,"53,43076172",40-50 Гб,,,,,
,,,,,,1517605780,Maracay,5,6500,"20 800,00",TP-LINK Archer,B2C,"26,66015625",25-30 Гб,,,,,
,,,,,,1517650223,Caracas,5,12829,"24 375,10",Mercusys AC12G,B2C,"36,33212891",35-40 Гб,,,,,
,,,,,,1512452943,Caracas,15,14315,"47 239,50",Xiaomi Mi Wi-Fi,VIP,"60,11181641",40-50 Гб,,,,,
,,,,,,1518055321,Maracay,15,606,"1 515,00",TP-LINK TD,VIP,"2,071289063",0-5 Гб,,,,,
,,,,,,1514913789,Caracas,5,6916,"18 673,20",TP-LINK Archer,B2C,"24,98945313",20-25 Гб,,,,,
,,,,,,1514034414,Caracas,15,5505,"12 111,00",Mercusys AC12G,VIP,"17,203125",15-20 Гб,,,,,
,,,,,,1513474923,Caracas,5,4472,"13 416,00",Xiaomi Mi Wi-Fi,B2C,"17,46875",15-20 Гб,,,,,
,,,,,,1513509233,Caracas,5,18071,"57 827,20",TP-LINK TD,B2C,"74,11933594",40-50 Гб,,,,,
,,,,,,1515165423,Maracay,4,4873,"9 258,70",TP-LINK Archer,B2B,"13,80048828",10-15 Гб,,,,,
,,,,,,1514350322,Maracay,5,5605,"19 617,50",Mercusys AC12G,B2C,"24,63134766",20-25 Гб,,,,,
,,,,,,1514124763,Caracas,5,4012,"6 820,40",Xiaomi Mi Wi-Fi,B2C,"10,57851563",10-15 Гб,,,,,
,,,,,,1518282279,Caracas,15,17618,"35 236,00",TP-LINK TD,VIP,"51,61523438",40-50 Гб,,,,,
,,,,,,1517812771,Caracas,20,11452,"24 049,20",TP-LINK Archer,B2O,"34,66914063",30-35 Гб,,,,,
,,,,,,1514101538,Caracas,5,14659,"39 579,30",Mercusys AC12G,B2C,"52,96708984",40-50 Гб,,,,,
,,,,,,1512076170,Caracas,20,3534,"6 007,80",Xiaomi Mi Wi-Fi,B2O,"9,318164063",5-10 Гб,,,,,
,,,,,,1512719556,Maracay,4,4683,"7 961,10",TP-LINK TD,B2B,"12,34775391",10-15 Гб,,,,,
,,,,,,1515139116,Maracay,20,9934,"19 868,00",TP-LINK Archer,B2O,"29,10351563",25-30 Гб,,,,,
,,,,,,1513917058,Caracas,5,10098,"21 205,80",Mercusys AC12G,B2C,"30,57011719",30-35 Гб,,,,,
,,,,,,1517297314,Maracay,5,5212,"8 860,40",Xiaomi Mi Wi-Fi,B2C,"13,74257813",10-15 Гб,,,,,
,,,,,,1518580407,Caracas,5,1962,"6 278,40",TP-LINK TD,B2C,"8,047265625",5-10 Гб,,,,,
,,,,,,1516987281,Caracas,4,8683,"25 180,70",TP-LINK Archer,B2B,"33,07001953",30-35 Гб,,,,,
,,,,,,1513002903,Caracas,20,9866,"14 799,00",Mercusys AC12G,B2O,"24,08691406",20-25 Гб,,,,,
,,,,,,1515388221,Maracay,15,10155,"19 294,50",Xiaomi Mi Wi-Fi,VIP,"28,75927734",25-30 Гб,,,,,
,,,,,,1515742691,Maracay,5,13899,"45 866,70",TP-LINK TD,B2C,"58,36494141",40-50 Гб,,,,,
,,,,,,1516177823,Caracas,5,16922,"37 228,40",TP-LINK Archer,B2C,"52,88125",40-50 Гб,,,,,
,,,,,,1518138052,Caracas,5,19681,"55 106,80",Mercusys AC12G,B2C,"73,03496094",40-50 Гб,,,,,
,,,,,,1512710165,Caracas,20,11003,"16 504,50",Xiaomi Mi Wi-Fi,B2O,"26,86279297",25-30 Гб,,,,,
,,,,,,1518607890,Maracay,20,20410,"63 271,00",TP-LINK TD,B2O,"81,71972656",40-50 Гб,,,,,
,,,,,,1511857676,Maracay,4,17753,"26 629,50",TP-LINK Archer,B2B,"43,34228516",40-50 Гб,,,,,
,,,,,,1517964309,Caracas,5,1931,"4 441,30",Mercusys AC12G,B2C,"6,222949219",5-10 Гб,,,,,
,,,,,,1514093622,Caracas,4,13308,"42 585,60",Xiaomi Mi Wi-Fi,B2B,"54,58359375",40-50 Гб,,,,,
,,,,,,1512498021,Maracay,5,14272,"44 243,20",TP-LINK TD,B2C,"57,14375",40-50 Гб,,,,,
,,,,,,1514384085,Maracay,4,11900,"41 650,00",TP-LINK Archer,B2B,"52,29492188",40-50 Гб,,,,,
,,,,,,1517083909,Caracas,5,18662,"31 725,40",Mercusys AC12G,B2C,"49,20644531",40-50 Гб,,,,,
,,,,,,1511810230,Caracas,4,17619,"42 285,60",Xiaomi Mi Wi-Fi,B2B,"58,50058594",40-50 Гб,,,,,
,,,,,,1513684741,Caracas,5,19019,"36 136,10",TP-LINK TD,B2C,"53,86240234",40-50 Гб,,,,,
,,,,,,1515578231,Caracas,5,10182,"17 309,40",TP-LINK Archer,B2C,"26,84707031",25-30 Гб,,,,,
,,,,,,1513386379,Caracas,4,8205,"27 076,50",Mercusys AC12G,B2B,"34,45458984",30-35 Гб,,,,,
,,,,,,1515939612,Caracas,5,10780,"22 638,00",Xiaomi Mi Wi-Fi,B2C,"32,63476563",30-35 Гб,,,,,
,,,,,,1512081117,Maracay,5,4680,"15 912,00",TP-LINK TD,B2C,"20,109375",20-25 Гб,,,,,
,,,,,,1517282092,Caracas,5,238,"571,20",TP-LINK Archer,B2C,"0,790234375",0-5 Гб,,,,,
,,,,,,1512153070,Caracas,20,7594,"11 391,00",Mercusys AC12G,B2O,"18,54003906",15-20 Гб,,,,,
,,,,,,1518436245,Maracay,4,8355,"22 558,50",Xiaomi Mi Wi-Fi,B2B,"30,18896484",30-35 Гб,,,,,
,,,,,,1513138356,Caracas,15,11634,"27 921,60",TP-LINK TD,VIP,"38,62851563",35-40 Гб,,,,,
,,,,,,1515526990,Caracas,5,1103,"2 316,30",TP-LINK Archer,B2C,"3,339160156",0-5 Гб,,,,,
,,,,,,1518609163,Caracas,15,16780,"30 204,00",Mercusys AC12G,VIP,"45,8828125",40-50 Гб,,,,,
,,,,,,1511782654,Caracas,5,3559,"9 965,20",Xiaomi Mi Wi-Fi,B2C,"13,20722656",10-15 Гб,,,,,
,,,,,,1513958793,Caracas,15,12532,"28 823,60",TP-LINK TD,VIP,"40,38632813",40-50 Гб,,,,,
,,,,,,1513630830,Caracas,5,524,"1 729,20",TP-LINK Archer,B2C,"2,200390625",0-5 Гб,,,,,
,,,,,,1513705495,Maracay,5,16982,"27 171,20",Mercusys AC12G,B2C,"43,11835938",40-50 Гб,,,,,
,,,,,,1511545608,Caracas,4,8496,"24 638,40",TP-LINK TD,B2B,"32,3578125",30-35 Гб,,,,,
,,,,,,1515818462,Caracas,5,15468,"44 857,20",TP-LINK TD,B2C,"58,91132813",40-50 Гб,,,,,